Model,Parameters (M),Inference (ms),Test Acc (%),Precision (%),Recall (%),F1-Score (%)
ConvNeXt,27.823204,6.519784927368164,53.55450236966825,57.02758701662211,53.552036524945265,53.96821473850639
Swin,27.52243,12.343916893005371,61.23222748815166,61.383863029848065,61.22033068325844,61.1478394052151
Hybrid,56.259806,18.497395515441895,89.19431279620854,89.04906259310437,89.18222145408457,89.01487245828066
