Model,Parameters (M),Inference (ms),Test Acc (%),Precision (%),Recall (%),F1-Score (%)
ConvNeXt,27.823204,6.070356369018555,75.92417061611374,77.21845218963198,75.92140511579674,75.43018487968884
Swin,27.52243,11.404016017913818,98.29383886255924,98.3104859462653,98.29221396474249,98.29310106059526
Hybrid,56.128478,18.01802396774292,98.67298578199052,98.67595908490001,98.67280216614817,98.67314596814923
