Model,Parameters (M),Inference (ms),Best Val Acc (%),Test Acc (%),Precision (%),Recall (%),F1-Score (%)
CNN_Small,4.207156,7.195806503295898,70.99526066350711,69.57345971563981,70.72979084594034,69.56806659753428,69.72865155555793
ViT_Small,22.495492,5.608406066894531,49.85781990521327,49.85781990521327,52.41014412694326,49.83076967392556,48.83172581581501
CNN_Medium,27.823204,6.921427249908447,51.65876777251185,50.33175355450237,55.10979532984164,50.3352200714368,50.7198032037761
ViT_Medium,27.52243,11.598105430603027,62.18009478672986,61.611374407582936,62.36987678504799,61.6012789491877,61.79640698864799
CNN_Large,49.457764,12.28797197341919,59.81042654028436,57.81990521327014,60.50349905848626,57.81123977416753,57.76328125698241
ViT_Large,48.840334,23.69933843612671,51.279620853080566,48.43601895734597,51.10116055498117,48.42615796750778,48.45524623870322
