Model,Parameters (M),Inference (ms),Test Acc (%),Precision (%),Recall (%),F1-Score (%)
ConvNeXt,27.823204,6.299991607666016,41.32701421800948,39.47124279124084,41.32172485309367,35.36151176279416
Swin,27.52243,12.026610374450684,41.99052132701422,38.77985506058377,41.97488189883627,35.41552239456642
Hybrid,56.259806,18.92587184906006,72.51184834123222,75.25497838216714,72.50547298075816,70.57398605627183
