Model,Parameters (M),Inference (ms),Test Acc (%),Precision (%),Recall (%),F1-Score (%)
ConvNeXt,27.823204,6.46604061126709,54.691943127962084,57.95319046319365,54.68227906440835,54.93290385552621
Swin,27.52243,11.513359546661377,69.19431279620854,69.0661302246913,69.18711833160502,69.1136387580332
Hybrid,28.046462,12.006251811981201,93.27014218009478,93.35382397742225,93.26607328033182,93.22929093976411
