Model,Parameters (M),Inference (ms),Test Acc (%),Precision (%),Recall (%),F1-Score (%)
ConvNeXt,27.823204,6.490542888641357,54.312796208530806,58.0342030666215,54.30529150823828,54.251920985870306
Swin,27.52243,11.89258337020874,60.947867298578196,61.49191915005544,60.94020048392672,61.1474263257176
Hybrid,56.259806,18.77040147781372,93.45971563981043,93.41421475345719,93.4533068325844,93.39664510469605
