Model,Parameters (M),Inference (ms),Test Acc (%),Precision (%),Recall (%),F1-Score (%)
ConvNeXt,27.823204,6.0074567794799805,53.36492890995261,57.29654151368613,53.36444290816914,53.530134128368125
Swin,27.52243,11.736431121826172,58.48341232227488,59.15570860685484,58.47771920728194,58.74179433240223
Hybrid,56.128478,18.136749267578125,75.63981042654028,75.83380837082436,75.6301129162346,75.62605808592609
